;CPU_USAGE;
;TIME;VALUE;
;1466418760;7.000000;
;1466418761;73.000000;
;1466418762;30.000000;
;1466418763;44.000000;
;1466418764;23.000000;
;;;
