;FPS;
;TIME;VALUE;
;1466435689;4.000000;
;1466435690;4.000000;
;1466435691;4.000000;
;1466435692;4.000000;
;1466435693;4.000000;
;;;
