;FPS;
;TIME;VALUE;
;1466442444;4.000000;
;1466442445;4.000000;
;1466442446;4.000000;
;1466442447;4.000000;
;1466442448;4.000000;
;;;
