;FPS;
;TIME;VALUE;
;1466441896;4.000000;
;1466441897;4.000000;
;1466441898;4.000000;
;1466441899;4.000000;
;1466441900;4.000000;
;;;
