;FPS;
;TIME;VALUE;
;1466435632;4.000000;
;1466435633;4.000000;
;1466435634;4.000000;
;1466435635;4.000000;
;1466435636;4.000000;
;;;
