;CPU_USAGE;
;TIME;VALUE;
;1466418564;7.000000;
;1466418565;73.000000;
;1466418566;30.000000;
;1466418567;44.000000;
;1466418568;23.000000;
;;;
